-- =========================================================
-- 攻城线规则与政策卡
-- Siege unit rules, survivability, and policy cards
-- =========================================================

-- 攻城辅助单位与攻城线单位调整。
UPDATE Units SET BaseMoves=3,Cost=80 WHERE UnitType='UNIT_SIEGE_TOWER';
UPDATE Units SET BaseMoves=2,Cost=50,PrereqTech='TECH_THE_WHEEL' WHERE UnitType='UNIT_BATTERING_RAM';
UPDATE Units SET Cost=110,BaseMoves=2,Bombard=38 WHERE UnitType='UNIT_CATAPULT';
UPDATE Units SET Cost=160,BaseMoves=2,Bombard=48 WHERE UnitType='UNIT_TREBUCHET';
UPDATE Units
SET PrereqTech='TECH_SIEGE_TACTICS', Cost=160, BaseMoves=2, Range=2, Bombard=53, Combat=40
WHERE UnitType='UNIT_KHMER_DOMREY';
UPDATE Units SET Cost=260,BaseMoves=3,Bombard=58 WHERE UnitType='UNIT_BOMBARD';
UPDATE Units SET BaseMoves=3,Cost=420 WHERE UnitType='UNIT_ARTILLERY';
UPDATE Units SET BaseMoves=4,Cost=650 WHERE UnitType='UNIT_ROCKET_ARTILLERY';

-- 攻城单位防守远程攻击时获得 +10 战斗力。
INSERT OR IGNORE INTO Modifiers (ModifierId, ModifierType, SubjectRequirementSetId)
    VALUES ('SIEGE_DEFENSE_BONUS_VS_RANGED_COMBAT', 'MODIFIER_UNIT_ADJUST_COMBAT_STRENGTH', 'SIEGE_DEFENSE_REQUIREMENTS');
INSERT OR IGNORE INTO ModifierArguments (ModifierId, Name, Value)
    VALUES ('SIEGE_DEFENSE_BONUS_VS_RANGED_COMBAT', 'Amount', '10');
INSERT OR IGNORE INTO ModifierStrings (ModifierId, Context, Text)
    VALUES ('SIEGE_DEFENSE_BONUS_VS_RANGED_COMBAT', 'Preview', '{LOC_SIEGE_RANGED_DEFENSE_DESCRIPTION}');
INSERT OR IGNORE INTO RequirementSets (RequirementSetId, RequirementSetType)
    VALUES ('SIEGE_DEFENSE_REQUIREMENTS', 'REQUIREMENTSET_TEST_ALL');
INSERT OR IGNORE INTO RequirementSetRequirements (RequirementSetId, RequirementId)
    VALUES ('SIEGE_DEFENSE_REQUIREMENTS', 'RANGED_COMBAT_REQUIREMENTS');
INSERT OR IGNORE INTO RequirementSetRequirements (RequirementSetId, RequirementId)
    VALUES ('SIEGE_DEFENSE_REQUIREMENTS', 'PLAYER_IS_DEFENDER_REQUIREMENTS');
INSERT OR IGNORE INTO Types (Type, Kind)
    VALUES ('ABILITY_SIEGE_RANGED_DEFENSE', 'KIND_ABILITY');
INSERT OR IGNORE INTO TypeTags (Type, Tag)
    VALUES ('ABILITY_SIEGE_RANGED_DEFENSE', 'CLASS_SIEGE');
INSERT OR IGNORE INTO UnitAbilities (UnitAbilityType, Name, Description)
    VALUES ('ABILITY_SIEGE_RANGED_DEFENSE', 'LOC_PROMOTION_TORTOISE_NAME', 'LOC_PROMOTION_TORTOISE_DESCRIPTION');
INSERT OR IGNORE INTO UnitAbilityModifiers (UnitAbilityType, ModifierId)
    VALUES ('ABILITY_SIEGE_RANGED_DEFENSE', 'SIEGE_DEFENSE_BONUS_VS_RANGED_COMBAT');

-- 攻城生产政策卡。
INSERT INTO Types(Type, Kind) VALUES
    ('POLICY_SIEGE', 'KIND_POLICY'),
    ('POLICY_HARD_SHELL_EXPLOSIVES', 'KIND_POLICY'),
    ('POLICY_TRENCH_WARFARE', 'KIND_POLICY');

INSERT INTO Policies(PolicyType, Name, Description, PrereqCivic, GovernmentSlotType) VALUES
    ('POLICY_SIEGE', 'LOC_POLICY_SIEGE_NAME', 'LOC_POLICY_SIEGE_DESCRIPTION', 'CIVIC_MILITARY_TRADITION', 'SLOT_MILITARY'),
    ('POLICY_HARD_SHELL_EXPLOSIVES', 'LOC_POLICY_HARD_SHELL_EXPLOSIVES_NAME', 'LOC_POLICY_HARD_SHELL_EXPLOSIVES_DESCRIPTION', 'CIVIC_MEDIEVAL_FAIRES', 'SLOT_MILITARY'),
    ('POLICY_TRENCH_WARFARE', 'LOC_POLICY_TRENCH_WARFARE_NAME', 'LOC_POLICY_TRENCH_WARFARE_DESCRIPTION', 'CIVIC_SCORCHED_EARTH', 'SLOT_MILITARY');

INSERT OR IGNORE INTO ObsoletePolicies(PolicyType, ObsoletePolicy) VALUES
    ('POLICY_SIEGE', 'POLICY_HARD_SHELL_EXPLOSIVES'),
    ('POLICY_HARD_SHELL_EXPLOSIVES', 'POLICY_TRENCH_WARFARE');

INSERT OR IGNORE INTO PolicyModifiers (PolicyType, ModifierId) VALUES
    ('POLICY_SIEGE', 'SIEGE_ANCIENT_SIEGE_PRODUCTION'),
    ('POLICY_SIEGE', 'SIEGE_CLASSICAL_SIEGE_PRODUCTION'),
    ('POLICY_SIEGE', 'SIEGE_MEDIEVAL_SIEGE_PRODUCTION'),
    ('POLICY_HARD_SHELL_EXPLOSIVES', 'HARD_SHELL_ANCIENT_SIEGE_PRODUCTION'),
    ('POLICY_HARD_SHELL_EXPLOSIVES', 'HARD_SHELL_CLASSICAL_SIEGE_PRODUCTION'),
    ('POLICY_HARD_SHELL_EXPLOSIVES', 'HARD_SHELL_MEDIEVAL_SIEGE_PRODUCTION'),
    ('POLICY_HARD_SHELL_EXPLOSIVES', 'HARD_SHELL_RENAISSANCE_SIEGE_PRODUCTION'),
    ('POLICY_TRENCH_WARFARE', 'TRENCH_WARFARE_ANCIENT_SIEGE_PRODUCTION'),
    ('POLICY_TRENCH_WARFARE', 'TRENCH_WARFARE_CLASSICAL_SIEGE_PRODUCTION'),
    ('POLICY_TRENCH_WARFARE', 'TRENCH_WARFARE_MEDIEVAL_SIEGE_PRODUCTION'),
    ('POLICY_TRENCH_WARFARE', 'TRENCH_WARFARE_RENAISSANCE_SIEGE_PRODUCTION'),
    ('POLICY_TRENCH_WARFARE', 'TRENCH_WARFARE_INDUSTRIAL_SIEGE_PRODUCTION'),
    ('POLICY_TRENCH_WARFARE', 'TRENCH_WARFARE_MODERN_SIEGE_PRODUCTION'),
    ('POLICY_TRENCH_WARFARE', 'TRENCH_WARFARE_ATOMIC_SIEGE_PRODUCTION'),
    ('POLICY_TRENCH_WARFARE', 'TRENCH_WARFARE_INFORMATION_SIEGE_PRODUCTION');

INSERT OR IGNORE INTO Modifiers(ModifierId, ModifierType) VALUES
    ('SIEGE_ANCIENT_SIEGE_PRODUCTION', 'MODIFIER_PLAYER_CITIES_ADJUST_UNIT_TAG_ERA_PRODUCTION'),
    ('SIEGE_CLASSICAL_SIEGE_PRODUCTION', 'MODIFIER_PLAYER_CITIES_ADJUST_UNIT_TAG_ERA_PRODUCTION'),
    ('SIEGE_MEDIEVAL_SIEGE_PRODUCTION', 'MODIFIER_PLAYER_CITIES_ADJUST_UNIT_TAG_ERA_PRODUCTION'),
    ('HARD_SHELL_ANCIENT_SIEGE_PRODUCTION', 'MODIFIER_PLAYER_CITIES_ADJUST_UNIT_TAG_ERA_PRODUCTION'),
    ('HARD_SHELL_CLASSICAL_SIEGE_PRODUCTION', 'MODIFIER_PLAYER_CITIES_ADJUST_UNIT_TAG_ERA_PRODUCTION'),
    ('HARD_SHELL_MEDIEVAL_SIEGE_PRODUCTION', 'MODIFIER_PLAYER_CITIES_ADJUST_UNIT_TAG_ERA_PRODUCTION'),
    ('HARD_SHELL_RENAISSANCE_SIEGE_PRODUCTION', 'MODIFIER_PLAYER_CITIES_ADJUST_UNIT_TAG_ERA_PRODUCTION'),
    ('TRENCH_WARFARE_ANCIENT_SIEGE_PRODUCTION', 'MODIFIER_PLAYER_CITIES_ADJUST_UNIT_TAG_ERA_PRODUCTION'),
    ('TRENCH_WARFARE_CLASSICAL_SIEGE_PRODUCTION', 'MODIFIER_PLAYER_CITIES_ADJUST_UNIT_TAG_ERA_PRODUCTION'),
    ('TRENCH_WARFARE_MEDIEVAL_SIEGE_PRODUCTION', 'MODIFIER_PLAYER_CITIES_ADJUST_UNIT_TAG_ERA_PRODUCTION'),
    ('TRENCH_WARFARE_RENAISSANCE_SIEGE_PRODUCTION', 'MODIFIER_PLAYER_CITIES_ADJUST_UNIT_TAG_ERA_PRODUCTION'),
    ('TRENCH_WARFARE_INDUSTRIAL_SIEGE_PRODUCTION', 'MODIFIER_PLAYER_CITIES_ADJUST_UNIT_TAG_ERA_PRODUCTION'),
    ('TRENCH_WARFARE_MODERN_SIEGE_PRODUCTION', 'MODIFIER_PLAYER_CITIES_ADJUST_UNIT_TAG_ERA_PRODUCTION'),
    ('TRENCH_WARFARE_ATOMIC_SIEGE_PRODUCTION', 'MODIFIER_PLAYER_CITIES_ADJUST_UNIT_TAG_ERA_PRODUCTION'),
    ('TRENCH_WARFARE_INFORMATION_SIEGE_PRODUCTION', 'MODIFIER_PLAYER_CITIES_ADJUST_UNIT_TAG_ERA_PRODUCTION');

INSERT OR IGNORE INTO ModifierArguments(ModifierId, Name, Value, Extra) VALUES
    ('SIEGE_ANCIENT_SIEGE_PRODUCTION', 'UnitPromotionClass', 'PROMOTION_CLASS_SIEGE', -1),
    ('SIEGE_ANCIENT_SIEGE_PRODUCTION', 'EraType', 'ERA_ANCIENT', -1),
    ('SIEGE_ANCIENT_SIEGE_PRODUCTION', 'Amount', 50, -1),
    ('SIEGE_CLASSICAL_SIEGE_PRODUCTION', 'UnitPromotionClass', 'PROMOTION_CLASS_SIEGE', -1),
    ('SIEGE_CLASSICAL_SIEGE_PRODUCTION', 'EraType', 'ERA_CLASSICAL', -1),
    ('SIEGE_CLASSICAL_SIEGE_PRODUCTION', 'Amount', 50, -1),
    ('SIEGE_MEDIEVAL_SIEGE_PRODUCTION', 'UnitPromotionClass', 'PROMOTION_CLASS_SIEGE', -1),
    ('SIEGE_MEDIEVAL_SIEGE_PRODUCTION', 'EraType', 'ERA_MEDIEVAL', -1),
    ('SIEGE_MEDIEVAL_SIEGE_PRODUCTION', 'Amount', 50, -1),
    ('HARD_SHELL_ANCIENT_SIEGE_PRODUCTION', 'UnitPromotionClass', 'PROMOTION_CLASS_SIEGE', -1),
    ('HARD_SHELL_ANCIENT_SIEGE_PRODUCTION', 'EraType', 'ERA_ANCIENT', -1),
    ('HARD_SHELL_ANCIENT_SIEGE_PRODUCTION', 'Amount', 50, -1),
    ('HARD_SHELL_CLASSICAL_SIEGE_PRODUCTION', 'UnitPromotionClass', 'PROMOTION_CLASS_SIEGE', -1),
    ('HARD_SHELL_CLASSICAL_SIEGE_PRODUCTION', 'EraType', 'ERA_CLASSICAL', -1),
    ('HARD_SHELL_CLASSICAL_SIEGE_PRODUCTION', 'Amount', 50, -1),
    ('HARD_SHELL_MEDIEVAL_SIEGE_PRODUCTION', 'UnitPromotionClass', 'PROMOTION_CLASS_SIEGE', -1),
    ('HARD_SHELL_MEDIEVAL_SIEGE_PRODUCTION', 'EraType', 'ERA_MEDIEVAL', -1),
    ('HARD_SHELL_MEDIEVAL_SIEGE_PRODUCTION', 'Amount', 50, -1),
    ('HARD_SHELL_RENAISSANCE_SIEGE_PRODUCTION', 'UnitPromotionClass', 'PROMOTION_CLASS_SIEGE', -1),
    ('HARD_SHELL_RENAISSANCE_SIEGE_PRODUCTION', 'EraType', 'ERA_RENAISSANCE', -1),
    ('HARD_SHELL_RENAISSANCE_SIEGE_PRODUCTION', 'Amount', 50, -1),
    ('TRENCH_WARFARE_ANCIENT_SIEGE_PRODUCTION', 'UnitPromotionClass', 'PROMOTION_CLASS_SIEGE', -1),
    ('TRENCH_WARFARE_ANCIENT_SIEGE_PRODUCTION', 'EraType', 'ERA_ANCIENT', -1),
    ('TRENCH_WARFARE_ANCIENT_SIEGE_PRODUCTION', 'Amount', 50, -1),
    ('TRENCH_WARFARE_CLASSICAL_SIEGE_PRODUCTION', 'UnitPromotionClass', 'PROMOTION_CLASS_SIEGE', -1),
    ('TRENCH_WARFARE_CLASSICAL_SIEGE_PRODUCTION', 'EraType', 'ERA_CLASSICAL', -1),
    ('TRENCH_WARFARE_CLASSICAL_SIEGE_PRODUCTION', 'Amount', 50, -1),
    ('TRENCH_WARFARE_MEDIEVAL_SIEGE_PRODUCTION', 'UnitPromotionClass', 'PROMOTION_CLASS_SIEGE', -1),
    ('TRENCH_WARFARE_MEDIEVAL_SIEGE_PRODUCTION', 'EraType', 'ERA_MEDIEVAL', -1),
    ('TRENCH_WARFARE_MEDIEVAL_SIEGE_PRODUCTION', 'Amount', 50, -1),
    ('TRENCH_WARFARE_RENAISSANCE_SIEGE_PRODUCTION', 'UnitPromotionClass', 'PROMOTION_CLASS_SIEGE', -1),
    ('TRENCH_WARFARE_RENAISSANCE_SIEGE_PRODUCTION', 'EraType', 'ERA_RENAISSANCE', -1),
    ('TRENCH_WARFARE_RENAISSANCE_SIEGE_PRODUCTION', 'Amount', 50, -1),
    ('TRENCH_WARFARE_INDUSTRIAL_SIEGE_PRODUCTION', 'UnitPromotionClass', 'PROMOTION_CLASS_SIEGE', -1),
    ('TRENCH_WARFARE_INDUSTRIAL_SIEGE_PRODUCTION', 'EraType', 'ERA_INDUSTRIAL', -1),
    ('TRENCH_WARFARE_INDUSTRIAL_SIEGE_PRODUCTION', 'Amount', 50, -1),
    ('TRENCH_WARFARE_MODERN_SIEGE_PRODUCTION', 'UnitPromotionClass', 'PROMOTION_CLASS_SIEGE', -1),
    ('TRENCH_WARFARE_MODERN_SIEGE_PRODUCTION', 'EraType', 'ERA_MODERN', -1),
    ('TRENCH_WARFARE_MODERN_SIEGE_PRODUCTION', 'Amount', 50, -1),
    ('TRENCH_WARFARE_ATOMIC_SIEGE_PRODUCTION', 'UnitPromotionClass', 'PROMOTION_CLASS_SIEGE', -1),
    ('TRENCH_WARFARE_ATOMIC_SIEGE_PRODUCTION', 'EraType', 'ERA_ATOMIC', -1),
    ('TRENCH_WARFARE_ATOMIC_SIEGE_PRODUCTION', 'Amount', 50, -1),
    ('TRENCH_WARFARE_INFORMATION_SIEGE_PRODUCTION', 'UnitPromotionClass', 'PROMOTION_CLASS_SIEGE', -1),
    ('TRENCH_WARFARE_INFORMATION_SIEGE_PRODUCTION', 'EraType', 'ERA_INFORMATION', -1),
    ('TRENCH_WARFARE_INFORMATION_SIEGE_PRODUCTION', 'Amount', 50, -1);
