-- =========================================================
-- 经济、基础设施与水磨/Palgum 规则
-- Economy, infrastructure, and Water Mill / Palgum rules
-- =========================================================

-- 工业区建筑与发电厂体系。
UPDATE Buildings SET Cost=175 WHERE BuildingType='BUILDING_WORKSHOP';
UPDATE Building_YieldChanges SET YieldChange=4 WHERE BuildingType='BUILDING_WORKSHOP' AND YieldType='YIELD_PRODUCTION';

UPDATE Buildings SET Cost=300 WHERE BuildingType='BUILDING_FACTORY';
UPDATE Building_YieldChanges SET YieldChange=5 WHERE BuildingType='BUILDING_FACTORY' AND YieldType='YIELD_PRODUCTION';
UPDATE Buildings SET Cost=150 WHERE BuildingType='BUILDING_ELECTRONICS_FACTORY';
UPDATE Building_YieldChanges SET YieldChange=6 WHERE BuildingType='BUILDING_ELECTRONICS_FACTORY' AND YieldType='YIELD_PRODUCTION';

UPDATE Buildings SET Cost=400 WHERE BuildingType='BUILDING_POWER_PLANT';
UPDATE Building_YieldChanges SET YieldChange=6 WHERE BuildingType='BUILDING_POWER_PLANT' AND YieldType='YIELD_PRODUCTION';
UPDATE Building_YieldChanges SET YieldChange=3 WHERE BuildingType='BUILDING_POWER_PLANT' AND YieldType='YIELD_SCIENCE';
UPDATE Buildings SET Cost=350 WHERE BuildingType='BUILDING_FOSSIL_FUEL_POWER_PLANT';
UPDATE Building_YieldChanges SET YieldChange=5 WHERE BuildingType='BUILDING_FOSSIL_FUEL_POWER_PLANT' AND YieldType='YIELD_PRODUCTION';
UPDATE Buildings SET Cost=300 WHERE BuildingType='BUILDING_COAL_POWER_PLANT';

-- 区域、民生建筑与基础设施调整。
UPDATE Building_YieldChanges SET YieldChange=6 WHERE BuildingType='BUILDING_FOOD_MARKET' AND YieldType='YIELD_FOOD';
UPDATE Building_YieldChanges SET YieldChange=4 WHERE BuildingType='BUILDING_SHOPPING_MALL' AND YieldType='YIELD_GOLD';
UPDATE Districts SET Cost=24 WHERE DistrictType='DISTRICT_AQUEDUCT';
UPDATE Districts SET Cost=12 WHERE DistrictType='DISTRICT_BATH';
UPDATE Districts SET Cost=54 WHERE DistrictType='DISTRICT_CANAL';
UPDATE Districts SET Cost=40 WHERE DistrictType='DISTRICT_DAM';

UPDATE Buildings SET Cost=46 WHERE BuildingType='BUILDING_GRANARY';
UPDATE Buildings SET Housing=2 WHERE BuildingType='BUILDING_GRANARY';
UPDATE Building_YieldChanges SET YieldChange=2 WHERE BuildingType='BUILDING_GRANARY' AND YieldType='YIELD_FOOD';
UPDATE Building_YieldChanges SET YieldChange=2 WHERE BuildingType='BUILDING_WATER_MILL' AND YieldType='YIELD_FOOD';
UPDATE Building_YieldChanges SET YieldChange=3 WHERE BuildingType='BUILDING_PALGUM' AND YieldType='YIELD_PRODUCTION';

INSERT OR IGNORE INTO BuildingModifiers(BuildingType, ModifierId)
VALUES ('BUILDING_GRANARY', 'TXH_GRANARY_NO_FRESH_WATER_HOUSING');

INSERT OR IGNORE INTO Modifiers(ModifierId, ModifierType, SubjectRequirementSetId)
VALUES ('TXH_GRANARY_NO_FRESH_WATER_HOUSING', 'MODIFIER_PLAYER_CITIES_ADJUST_BUILDING_HOUSING', 'TXH_GRANARY_NO_FRESH_WATER_REQUIREMENTS');

INSERT OR IGNORE INTO ModifierArguments(ModifierId, Name, Value)
VALUES ('TXH_GRANARY_NO_FRESH_WATER_HOUSING', 'Amount', '1');

INSERT OR IGNORE INTO RequirementSets(RequirementSetId, RequirementSetType)
VALUES ('TXH_GRANARY_NO_FRESH_WATER_REQUIREMENTS', 'REQUIREMENTSET_TEST_ALL');

INSERT OR IGNORE INTO Requirements(RequirementId, RequirementType, Inverse)
VALUES ('REQUIRES_TXH_GRANARY_CITY_NOT_FRESH_WATER', 'REQUIREMENT_PLOT_IS_FRESH_WATER', 1);

INSERT OR IGNORE INTO RequirementSetRequirements(RequirementSetId, RequirementId)
VALUES ('TXH_GRANARY_NO_FRESH_WATER_REQUIREMENTS', 'REQUIRES_TXH_GRANARY_CITY_NOT_FRESH_WATER');

-- 移除水磨旧资源加成，改成农场/种植园产能。
DELETE FROM BuildingModifiers
WHERE BuildingType='BUILDING_WATER_MILL'
  AND ModifierId IN ('WATERMILL_ADDRICEFOOD', 'WATERMILL_ADDWHEATYIELD', 'WATERMILL_ADDMAIZEYIELD');

INSERT OR IGNORE INTO Requirements(RequirementId, RequirementType) VALUES
    ('REQUIRES_PLOT_HAS_FARM', 'REQUIREMENT_PLOT_IMPROVEMENT_TYPE_MATCHES'),
    ('REQUIRES_PLOT_HAS_PLANTATION', 'REQUIREMENT_PLOT_IMPROVEMENT_TYPE_MATCHES');

INSERT OR IGNORE INTO RequirementArguments(RequirementId, Name, Value) VALUES
    ('REQUIRES_PLOT_HAS_FARM', 'ImprovementType', 'IMPROVEMENT_FARM'),
    ('REQUIRES_PLOT_HAS_PLANTATION', 'ImprovementType', 'IMPROVEMENT_PLANTATION');

INSERT OR IGNORE INTO RequirementSets(RequirementSetId, RequirementSetType) VALUES
    ('PLOT_HAS_FARM_REQUIREMENTS', 'REQUIREMENTSET_TEST_ALL'),
    ('PLOT_HAS_PLANTATION_REQUIREMENTS', 'REQUIREMENTSET_TEST_ALL');

INSERT OR IGNORE INTO RequirementSetRequirements(RequirementSetId, RequirementId) VALUES
    ('PLOT_HAS_FARM_REQUIREMENTS', 'REQUIRES_PLOT_HAS_FARM'),
    ('PLOT_HAS_PLANTATION_REQUIREMENTS', 'REQUIRES_PLOT_HAS_PLANTATION');

INSERT INTO Modifiers(ModifierId, ModifierType, SubjectRequirementSetId) VALUES
    ('TXH_WATERMILL_PRODUCTION_FARM', 'MODIFIER_CITY_PLOT_YIELDS_ADJUST_PLOT_YIELD', 'PLOT_HAS_FARM_REQUIREMENTS'),
    ('TXH_WATERMILL_PRODUCTION_PLANTATION', 'MODIFIER_CITY_PLOT_YIELDS_ADJUST_PLOT_YIELD', 'PLOT_HAS_PLANTATION_REQUIREMENTS'),
    ('PALGUM_PRODUCTION_FARM', 'MODIFIER_CITY_PLOT_YIELDS_ADJUST_PLOT_YIELD', 'PLOT_HAS_FARM_REQUIREMENTS'),
    ('PALGUM_PRODUCTION_PLANTATION', 'MODIFIER_CITY_PLOT_YIELDS_ADJUST_PLOT_YIELD', 'PLOT_HAS_PLANTATION_REQUIREMENTS');

INSERT INTO ModifierArguments(ModifierId, Name, Value) VALUES
    ('TXH_WATERMILL_PRODUCTION_FARM', 'YieldType', 'YIELD_PRODUCTION'),
    ('TXH_WATERMILL_PRODUCTION_FARM', 'Amount', '1'),
    ('TXH_WATERMILL_PRODUCTION_PLANTATION', 'YieldType', 'YIELD_PRODUCTION'),
    ('TXH_WATERMILL_PRODUCTION_PLANTATION', 'Amount', '1'),
    ('PALGUM_PRODUCTION_FARM', 'YieldType', 'YIELD_PRODUCTION'),
    ('PALGUM_PRODUCTION_FARM', 'Amount', '1'),
    ('PALGUM_PRODUCTION_PLANTATION', 'YieldType', 'YIELD_PRODUCTION'),
    ('PALGUM_PRODUCTION_PLANTATION', 'Amount', '1');

INSERT INTO BuildingModifiers(BuildingType, ModifierId) VALUES
    ('BUILDING_WATER_MILL', 'TXH_WATERMILL_PRODUCTION_FARM'),
    ('BUILDING_WATER_MILL', 'TXH_WATERMILL_PRODUCTION_PLANTATION'),
    ('BUILDING_PALGUM', 'PALGUM_PRODUCTION_FARM'),
    ('BUILDING_PALGUM', 'PALGUM_PRODUCTION_PLANTATION');
